--
-- PostgreSQL database dump
--

\restrict HJH42UCXGu9VlWmhMdWKfiwox87olJ5kiGreiTX5kSPrC5eSsbVTcn0tsmXJtV8

-- Dumped from database version 14.20 (Homebrew)
-- Dumped by pg_dump version 14.20 (Homebrew)

SET statement_timeout = 0;
SET lock_timeout = 0;
SET idle_in_transaction_session_timeout = 0;
SET client_encoding = 'UTF8';
SET standard_conforming_strings = on;
SELECT pg_catalog.set_config('search_path', '', false);
SET check_function_bodies = false;
SET xmloption = content;
SET client_min_messages = warning;
SET row_security = off;

ALTER TABLE IF EXISTS ONLY public.drivers DROP CONSTRAINT IF EXISTS fkcay8hmpefrncg4apmusc0mkth;
ALTER TABLE IF EXISTS ONLY public.drivers DROP CONSTRAINT IF EXISTS ukmw4gh3w24gqtqy2fakrkqh450;
ALTER TABLE IF EXISTS ONLY public.teams DROP CONSTRAINT IF EXISTS ukakbxop0ougupa0naa8005pmec;
ALTER TABLE IF EXISTS ONLY public.teams DROP CONSTRAINT IF EXISTS uka8y7d7sj7guk0q9scjlt10ln9;
ALTER TABLE IF EXISTS ONLY public.drivers DROP CONSTRAINT IF EXISTS uk6pw1pdnuvpftd7wuvvxebrt9b;
ALTER TABLE IF EXISTS ONLY public.teams DROP CONSTRAINT IF EXISTS teams_pkey;
ALTER TABLE IF EXISTS ONLY public.drivers DROP CONSTRAINT IF EXISTS drivers_pkey;
ALTER TABLE IF EXISTS ONLY public.circuits DROP CONSTRAINT IF EXISTS circuits_pkey;
DROP TABLE IF EXISTS public.teams;
DROP TABLE IF EXISTS public.drivers;
DROP TABLE IF EXISTS public.circuits;
SET default_tablespace = '';

SET default_table_access_method = heap;

--
-- Name: circuits; Type: TABLE; Schema: public; Owner: ivonavargek
--

CREATE TABLE public.circuits (
    id bigint NOT NULL,
    circuit_image_url character varying(255),
    circuit_length double precision,
    city character varying(255),
    country character varying(255),
    fastest_lap_time character varying(255),
    first_grand_prix integer,
    number_of_laps integer,
    race_distance double precision,
    track_name character varying(255)
);


ALTER TABLE public.circuits OWNER TO ivonavargek;

--
-- Name: circuits_id_seq; Type: SEQUENCE; Schema: public; Owner: ivonavargek
--

ALTER TABLE public.circuits ALTER COLUMN id ADD GENERATED BY DEFAULT AS IDENTITY (
    SEQUENCE NAME public.circuits_id_seq
    START WITH 1
    INCREMENT BY 1
    NO MINVALUE
    NO MAXVALUE
    CACHE 1
);


--
-- Name: drivers; Type: TABLE; Schema: public; Owner: ivonavargek
--

CREATE TABLE public.drivers (
    id bigint NOT NULL,
    code character varying(255),
    date_of_birth date,
    driver_number integer NOT NULL,
    first_name character varying(255) NOT NULL,
    image_url character varying(255),
    last_name character varying(255) NOT NULL,
    nationality character varying(255),
    team_id bigint
);


ALTER TABLE public.drivers OWNER TO ivonavargek;

--
-- Name: drivers_id_seq; Type: SEQUENCE; Schema: public; Owner: ivonavargek
--

ALTER TABLE public.drivers ALTER COLUMN id ADD GENERATED BY DEFAULT AS IDENTITY (
    SEQUENCE NAME public.drivers_id_seq
    START WITH 1
    INCREMENT BY 1
    NO MINVALUE
    NO MAXVALUE
    CACHE 1
);


--
-- Name: teams; Type: TABLE; Schema: public; Owner: ivonavargek
--

CREATE TABLE public.teams (
    id bigint NOT NULL,
    base character varying(255),
    first_team_entry integer,
    full_name character varying(255) NOT NULL,
    power_unit character varying(255),
    short_name character varying(255),
    team_chief character varying(255),
    team_logo_url character varying(255),
    technical_chief character varying(255)
);


ALTER TABLE public.teams OWNER TO ivonavargek;

--
-- Name: teams_id_seq; Type: SEQUENCE; Schema: public; Owner: ivonavargek
--

ALTER TABLE public.teams ALTER COLUMN id ADD GENERATED BY DEFAULT AS IDENTITY (
    SEQUENCE NAME public.teams_id_seq
    START WITH 1
    INCREMENT BY 1
    NO MINVALUE
    NO MAXVALUE
    CACHE 1
);


--
-- Data for Name: circuits; Type: TABLE DATA; Schema: public; Owner: ivonavargek
--

COPY public.circuits (id, circuit_image_url, circuit_length, city, country, fastest_lap_time, first_grand_prix, number_of_laps, race_distance, track_name) FROM stdin;
2	/images/circuits/china.png	5.451	Shanghai	China	1:32.238	2004	56	305.066	Shanghai International Circuit
3	/images/circuits/japan.png	5.807	Suzuka	Japan	1:30.965	1987	53	307.471	Suzuka Circuit
4	/images/circuits/miami.png	5.412	Miami	United States	1:29.708	2022	57	308.326	Miami International Autodrome
5	/images/circuits/canada.png	4.361	Montreal	Canada	1:13.078	1978	70	305.27	Circuit Gilles Villeneuve
6	/images/circuits/monaco.png	3.337	Monaco	Monaco	1:12.909	1950	78	260.286	Circuit de Monaco
7	/images/circuits/barcelona.png	4.657	Montmeló	Spain	1:15.743	1991	66	307.236	Circuit de Barcelona-Catalunya
8	/images/circuits/austria.png	4.326	Spielberg	Austria	1:07.924	1970	71	307.018	Red Bull Ring
9	/images/circuits/silverstone.png	5.891	Silverstone	United Kingdom	1:27.097	1950	52	306.198	Silverstone Circuit
10	/images/circuits/spa.png	7.004	Stavelot	Belgium	1:44.701	1950	44	308.052	Circuit de Spa-Francorchamps
11	/images/circuits/hungary.png	4.381	Mogyoród	Hungary	1:16.627	1986	70	306.63	Hungaroring
12	/images/circuits/zandvoort.png	4.259	Zandvoort	Netherlands	1:11.097	1952	72	306.587	Circuit Zandvoort
13	/images/circuits/monza.png	5.793	Monza	Italy	1:20.901	1950	53	306.72	Autodromo Nazionale Monza
14	/images/circuits/madrid.png	5.416	Madrid	Spain	Not set	2026	57	308.524	Madring Circuit
15	/images/circuits/baku.png	6.003	Baku	Azerbaijan	1:43.009	2016	51	306.049	Baku City Circuit
16	/images/circuits/singapore.png	4.927	Singapore	Singapore	1:33.808	2008	62	305.337	Marina Bay Street Circuit
17	/images/circuits/americas.png	5.513	Austin	United States	1:36.169	2012	56	308.405	Circuit of the Americas
18	/images/circuits/mexico.png	4.304	Mexico City	Mexico	1:17.774	1963	71	305.354	Autódromo Hermanos Rodríguez
19	/images/circuits/brazil.png	4.309	São Paulo	Brazil	1:10.540	1973	71	305.879	Autódromo José Carlos Pace
20	/images/circuits/lasvegas.png	6.201	Las Vegas	United States	1:33.365	2023	50	309.958	Las Vegas Street Circuit
21	/images/circuits/lusail.png	5.419	Lusail	Qatar	1:22.384	2021	57	308.611	Lusail International Circuit
22	/images/circuits/yas.png	5.281	Abu Dhabi	United Arab Emirates	1:25.637	2009	58	306.183	Yas Marina Circuit
23	/images/circuits/au.png	5.78	Melbourne	Australia	1:19.813	1996	58	306.124	Albert Pary
\.


--
-- Data for Name: drivers; Type: TABLE DATA; Schema: public; Owner: ivonavargek
--

COPY public.drivers (id, code, date_of_birth, driver_number, first_name, image_url, last_name, nationality, team_id) FROM stdin;
7	PIA	2001-04-06	81	Oscar	/images/drivers/oscar_piastri.jpg	Piastri	Australian	1
5	RUS	1998-02-15	63	George	/images/drivers/george_russell.jpeg	Russell	British	2
17	ANT	2006-08-25	12	Andrea Kimi	/images/drivers/andrea_kimi_antonelli.jpeg	Antonelli	Italian	2
3	LEC	1997-10-16	16	Charles	/images/drivers/charles_leclerc.jpeg	Leclerc	Monegasque	3
4	HAM	1985-01-07	44	Lewis	/images/drivers/lewis_hamilton.jpg	Hamilton	British	3
1	VER	1997-09-30	3	Max	/images/drivers/max_verstappen.jpg	Verstappen	Dutch	6
20	HAD	2004-09-28	6	Isack	/images/drivers/isack_hadjar.jpeg	Hadjar	French	6
15	LAW	2002-02-11	30	Liam	/images/drivers/liam_lawson.jpg	Lawson	New Zealander	7
22	LIN	2007-08-08	41	Arvid	/images/drivers/arvid_lindblad.jpg	Lindblad	British	7
10	GAS	1996-02-07	10	Pierre	/images/drivers/pierre_gasly.png	Gasly	French	5
21	COL	2003-05-27	43	Franco	/images/drivers/franco_colapinto.jpg	Colapinto	Argentine	5
8	ALO	1981-07-29	14	Fernando	/images/drivers/fernando_alonso.png	Alonso	Spanish	11
9	STR	1998-10-29	18	Lance	/images/drivers/lance_stroll.jpg	Stroll	Canadian	11
13	BOT	1989-08-28	77	Valtteri	/images/drivers/valtteri_bottas.jpg	Bottas	Finnish	10
16	PER	1990-01-26	11	Sergio	/images/drivers/sergio_perez.jpg	Perez	Mexican	10
6	SAI	1994-09-01	55	Carlos	/images/drivers/carlos_sainz.jpg	Sainz	Spanish	9
14	ALB	1996-03-23	23	Alexander	/images/drivers/alexander_albon.jpeg	Albon	Thai	9
12	HUL	1987-08-19	27	Nico	/images/drivers/nico_hulkenberg.jpeg	Hulkenberg	German	8
19	BOR	2004-10-14	5	Gabriel	/images/drivers/gabriel_bortoleto.jpg	Bortoleto	Brazilian	8
11	OCO	1996-09-17	31	Esteban	/images/drivers/esteban_ocon.jpg	Ocon	French	4
18	BEA	2005-05-08	87	Oliver	/images/drivers/oliver_bearman.jpeg	Bearman	British	4
2	NOR	1999-11-13	1	Loselando	/images/drivers/lando_norris.jpg	Norris	British	1
\.


--
-- Data for Name: teams; Type: TABLE DATA; Schema: public; Owner: ivonavargek
--

COPY public.teams (id, base, first_team_entry, full_name, power_unit, short_name, team_chief, team_logo_url, technical_chief) FROM stdin;
1	Woking, United Kingdom	1966	McLaren Mastercard F1 Team	Mercedes	McLaren	Andrea Stella	/images/teams/mclaren.png	Peter Prodromou
2	Brackley, United Kingdom	1970	Mercedes-AMG PETRONAS Formula One Team	Mercedes	Mercedes	Toto Wolff	/images/teams/mercedes.png	James Allison
3	Maranello, Italy	1950	Scuderia Ferrari HP	Ferrari	Ferrari	Frédéric Vasseur	/images/teams/ferrari.jpg	Loic Serra
4	Kannapolis, United States	2016	TGR Haas F1 Team	Ferrari	Haas	Ayao Komatsu	/images/teams/haas.png	Andrea De Zordo
5	Enstone, United Kingdom	1986	BWT Alpine Formula One Team	Mercedes	Alpine	Flavio Briatore	/images/teams/alpine.jpg	David Sanchez
6	Milton Keynes, United Kingdom	1997	Oracle Red Bull Racing	Red Bull Ford	Red Bull	Laurent Mekies	/images/teams/redbull.jpg	Pierre Waché
7	Faenza, Italy	1985	Visa Cash App Racing Bulls Formula One Team	Red Bull Ford	RB	Alan Permane	/images/teams/rb.jpg	Tim Goss
8	Hinwil, Switzerland	2026	Audi Revolut F1 Team	Audi	Audi	Mattia Binotto	/images/teams/audi.jpeg	James Key
9	Grove, United Kingdom	1978	Atlassian Williams F1 Team	Mercedes	Williams	James Vowles	/images/teams/williams.png	Pat Fry
10	Silverstone, United Kingdom	2026	Cadillac Formula 1 Team	Ferrari	Cadillac	Graeme Lowdon	/images/teams/cadillac.png	Nick Chester
11	Silverstone, United Kingdom	2018	Aston Martin Aramco Formula One Team	Honda	Aston Martin	Adrian Newey	/images/teams/aston.jpg	Enrico Cardile
13	Woking, United Kingdom	1966	Meki Mastercard F1 Team	Meddde	McLadkslkren	Andrea Stella	/images/teams/mclaren.png	Peter Prodromou
\.


--
-- Name: circuits_id_seq; Type: SEQUENCE SET; Schema: public; Owner: ivonavargek
--

SELECT pg_catalog.setval('public.circuits_id_seq', 23, true);


--
-- Name: drivers_id_seq; Type: SEQUENCE SET; Schema: public; Owner: ivonavargek
--

SELECT pg_catalog.setval('public.drivers_id_seq', 29, true);


--
-- Name: teams_id_seq; Type: SEQUENCE SET; Schema: public; Owner: ivonavargek
--

SELECT pg_catalog.setval('public.teams_id_seq', 13, true);


--
-- Name: circuits circuits_pkey; Type: CONSTRAINT; Schema: public; Owner: ivonavargek
--

ALTER TABLE ONLY public.circuits
    ADD CONSTRAINT circuits_pkey PRIMARY KEY (id);


--
-- Name: drivers drivers_pkey; Type: CONSTRAINT; Schema: public; Owner: ivonavargek
--

ALTER TABLE ONLY public.drivers
    ADD CONSTRAINT drivers_pkey PRIMARY KEY (id);


--
-- Name: teams teams_pkey; Type: CONSTRAINT; Schema: public; Owner: ivonavargek
--

ALTER TABLE ONLY public.teams
    ADD CONSTRAINT teams_pkey PRIMARY KEY (id);


--
-- Name: drivers uk6pw1pdnuvpftd7wuvvxebrt9b; Type: CONSTRAINT; Schema: public; Owner: ivonavargek
--

ALTER TABLE ONLY public.drivers
    ADD CONSTRAINT uk6pw1pdnuvpftd7wuvvxebrt9b UNIQUE (code);


--
-- Name: teams uka8y7d7sj7guk0q9scjlt10ln9; Type: CONSTRAINT; Schema: public; Owner: ivonavargek
--

ALTER TABLE ONLY public.teams
    ADD CONSTRAINT uka8y7d7sj7guk0q9scjlt10ln9 UNIQUE (short_name);


--
-- Name: teams ukakbxop0ougupa0naa8005pmec; Type: CONSTRAINT; Schema: public; Owner: ivonavargek
--

ALTER TABLE ONLY public.teams
    ADD CONSTRAINT ukakbxop0ougupa0naa8005pmec UNIQUE (full_name);


--
-- Name: drivers ukmw4gh3w24gqtqy2fakrkqh450; Type: CONSTRAINT; Schema: public; Owner: ivonavargek
--

ALTER TABLE ONLY public.drivers
    ADD CONSTRAINT ukmw4gh3w24gqtqy2fakrkqh450 UNIQUE (driver_number);


--
-- Name: drivers fkcay8hmpefrncg4apmusc0mkth; Type: FK CONSTRAINT; Schema: public; Owner: ivonavargek
--

ALTER TABLE ONLY public.drivers
    ADD CONSTRAINT fkcay8hmpefrncg4apmusc0mkth FOREIGN KEY (team_id) REFERENCES public.teams(id);


--
-- PostgreSQL database dump complete
--

\unrestrict HJH42UCXGu9VlWmhMdWKfiwox87olJ5kiGreiTX5kSPrC5eSsbVTcn0tsmXJtV8

